t1      ,ch1     ,t2      ,ch2     
  -0.832,   -0.008,   -0.832,   -0.004
   1.152,   -0.009,    1.152,    0.002
   3.136,   -0.009,    3.136,    0.010
   5.120,   -0.009,    5.120,    0.014
   7.104,   -0.008,    7.104,    0.021
   9.088,   -0.008,    9.088,    0.028
  11.072,   -0.008,   11.072,    0.033
  13.056,   -0.009,   13.056,    0.039
  15.040,   -0.009,   15.040,    0.045
  17.024,   -0.009,   17.024,    0.053
  19.008,   -0.008,   19.008,    0.057
  20.992,   -0.008,   20.992,    0.062
  22.976,   -0.008,   22.976,    0.070
  24.960,   -0.008,   24.960,    0.076
  26.944,   -0.010,   26.944,    0.082
  28.928,   -0.008,   28.928,    0.086
  30.912,   -0.008,   30.912,    0.093
  32.896,   -0.008,   32.896,    0.099
  34.880,   -0.009,   34.880,    0.105
  36.864,   -0.009,   36.864,    0.111
  38.848,   -0.008,   38.848,    0.117
  40.832,   -0.008,   40.832,    0.121
  42.816,   -0.010,   42.816,    0.129
  44.800,   -0.009,   44.800,    0.134
  46.784,   -0.009,   46.784,    0.139
  48.768,   -0.007,   48.768,    0.145
  50.752,   -0.008,   50.752,    0.151
  52.736,   -0.008,   52.736,    0.156
  54.720,   -0.009,   54.720,    0.163
  56.704,   -0.008,   56.704,    0.168
  58.688,   -0.008,   58.688,    0.174
  60.672,   -0.009,   60.672,    0.179
  62.656,   -0.008,   62.656,    0.186
  64.640,   -0.009,   64.640,    0.191
  66.624,   -0.009,   66.624,    0.196
  68.608,   -0.009,   68.608,    0.201
  70.592,   -0.008,   70.592,    0.208
  72.576,   -0.007,   72.576,    0.211
  74.560,   -0.009,   74.560,    0.218
  76.544,   -0.008,   76.544,    0.223
  78.528,   -0.007,   78.528,    0.229
  80.512,   -0.008,   80.512,    0.232
  82.496,   -0.008,   82.496,    0.239
  84.480,   -0.009,   84.480,    0.243
  86.464,   -0.008,   86.464,    0.250
  88.448,   -0.008,   88.448,    0.255
  90.432,   -0.008,   90.432,    0.261
  92.416,   -0.009,   92.416,    0.264
  94.400,   -0.008,   94.400,    0.271
  96.384,   -0.008,   96.384,    0.275
  98.368,   -0.008,   98.368,    0.280
 100.352,   -0.008,  100.352,    0.286
 102.336,   -0.008,  102.336,    0.291
 104.320,   -0.007,  104.320,    0.295
 106.304,   -0.009,  106.304,    0.298
 108.288,   -0.009,  108.288,    0.305
 110.272,   -0.010,  110.272,    0.309
 112.256,   -0.009,  112.256,    0.313
 114.240,   -0.007,  114.240,    0.319
 116.224,   -0.009,  116.224,    0.323
 118.208,   -0.011,  118.208,    0.326
 120.192,   -0.009,  120.192,    0.334
 122.176,   -0.009,  122.176,    0.337
 124.160,   -0.008,  124.160,    0.341
 126.144,   -0.009,  126.144,    0.345
 128.128,   -0.008,  128.128,    0.349
 130.112,   -0.009,  130.112,    0.354
 132.096,   -0.007,  132.096,    0.358
 134.080,   -0.008,  134.080,    0.361
 136.064,   -0.008,  136.064,    0.366
 138.048,   -0.008,  138.048,    0.370
 140.032,   -0.008,  140.032,    0.374
 142.016,   -0.008,  142.016,    0.377
 144.000,   -0.008,  144.000,    0.382
 145.984,   -0.009,  145.984,    0.386
 147.968,   -0.009,  147.968,    0.389
 149.952,   -0.009,  149.952,    0.392
 151.936,   -0.008,  151.936,    0.396
 153.920,   -0.009,  153.920,    0.399
 155.904,   -0.007,  155.904,    0.403
 157.888,   -0.009,  157.888,    0.405
 159.872,   -0.009,  159.872,    0.409
 161.856,   -0.009,  161.856,    0.414
 163.840,   -0.009,  163.840,    0.417
 165.824,   -0.009,  165.824,    0.418
 167.808,   -0.009,  167.808,    0.422
 169.792,   -0.008,  169.792,    0.426
 171.776,   -0.009,  171.776,    0.429
 173.760,   -0.010,  173.760,    0.429
 175.744,   -0.009,  175.744,    0.435
 177.728,   -0.008,  177.728,    0.436
 179.712,   -0.008,  179.712,    0.440
 181.696,   -0.009,  181.696,    0.441
 183.680,   -0.008,  183.680,    0.446
 185.664,   -0.008,  185.664,    0.447
 187.648,   -0.008,  187.648,    0.449
 189.632,   -0.008,  189.632,    0.452
 191.616,   -0.008,  191.616,    0.456
 193.600,   -0.008,  193.600,    0.459
 195.584,   -0.007,  195.584,    0.459
 197.568,   -0.007,  197.568,    0.460
 199.552,   -0.009,  199.552,    0.464
 201.536,   -0.009,  201.536,    0.465
 203.520,   -0.009,  203.520,    0.466
 205.504,   -0.009,  205.504,    0.468
 207.488,   -0.008,  207.488,    0.471
 209.472,   -0.008,  209.472,    0.474
 211.456,   -0.009,  211.456,    0.472
 213.440,   -0.009,  213.440,    0.476
 215.424,   -0.008,  215.424,    0.477
 217.408,   -0.008,  217.408,    0.479
 219.392,   -0.007,  219.392,    0.479
 221.376,   -0.009,  221.376,    0.482
 223.360,   -0.009,  223.360,    0.484
 225.344,   -0.009,  225.344,    0.483
 227.328,   -0.008,  227.328,    0.485
 229.312,   -0.009,  229.312,    0.486
 231.296,   -0.009,  231.296,    0.487
 233.280,   -0.008,  233.280,    0.489
 235.264,   -0.010,  235.264,    0.489
 237.248,   -0.008,  237.248,    0.489
 239.232,   -0.008,  239.232,    0.489
 241.216,   -0.009,  241.216,    0.491
 243.200,   -0.008,  243.200,    0.490
 245.184,   -0.009,  245.184,    0.492
 247.168,   -0.009,  247.168,    0.493
 249.152,   -0.008,  249.152,    0.492
 251.136,   -0.009,  251.136,    0.493
 253.120,   -0.008,  253.120,    0.493
 255.104,   -0.008,  255.104,    0.492
 257.088,   -0.007,  257.088,    0.492
 259.072,   -0.009,  259.072,    0.491
 261.056,   -0.008,  261.056,    0.491
 263.040,   -0.008,  263.040,    0.494
 265.024,   -0.008,  265.024,    0.489
 267.008,   -0.010,  267.008,    0.492
 268.992,   -0.008,  268.992,    0.491
 270.976,   -0.008,  270.976,    0.491
 272.960,   -0.008,  272.960,    0.489
 274.944,   -0.008,  274.944,    0.488
 276.928,   -0.010,  276.928,    0.489
 278.912,   -0.006,  278.912,    0.487
 280.896,   -0.010,  280.896,    0.485
 282.880,   -0.009,  282.880,    0.486
 284.864,   -0.009,  284.864,    0.486
 286.848,   -0.008,  286.848,    0.483
 288.832,   -0.009,  288.832,    0.482
 290.816,   -0.008,  290.816,    0.482
 292.800,   -0.009,  292.800,    0.481
 294.784,   -0.009,  294.784,    0.478
 296.768,   -0.008,  296.768,    0.477
 298.752,   -0.009,  298.752,    0.477
 300.736,   -0.009,  300.736,    0.474
 302.720,   -0.009,  302.720,    0.472
 304.704,   -0.008,  304.704,    0.471
 306.688,   -0.008,  306.688,    0.467
 308.672,   -0.009,  308.672,    0.467
 310.656,   -0.008,  310.656,    0.465
 312.640,   -0.010,  312.640,    0.464
 314.624,   -0.009,  314.624,    0.460
 316.608,   -0.007,  316.608,    0.459
 318.592,   -0.009,  318.592,    0.457
 320.576,   -0.009,  320.576,    0.454
 322.560,   -0.008,  322.560,    0.453
 324.544,   -0.009,  324.544,    0.452
 326.528,   -0.008,  326.528,    0.446
 328.512,   -0.009,  328.512,    0.444
 330.496,   -0.008,  330.496,    0.442
 332.480,   -0.008,  332.480,    0.440
 334.464,   -0.009,  334.464,    0.437
 336.448,   -0.008,  336.448,    0.435
 338.432,   -0.008,  338.432,    0.432
 340.416,   -0.007,  340.416,    0.429
 342.400,   -0.008,  342.400,    0.425
 344.384,   -0.009,  344.384,    0.424
 346.368,   -0.008,  346.368,    0.420
 348.352,   -0.008,  348.352,    0.417
 350.336,   -0.009,  350.336,    0.412
 352.320,   -0.008,  352.320,    0.409
 354.304,   -0.007,  354.304,    0.407
 356.288,   -0.008,  356.288,    0.402
 358.272,   -0.009,  358.272,    0.399
 360.256,   -0.010,  360.256,    0.397
 362.240,   -0.008,  362.240,    0.393
 364.224,   -0.009,  364.224,    0.391
 366.208,   -0.008,  366.208,    0.383
 368.192,   -0.008,  368.192,    0.380
 370.176,   -0.009,  370.176,    0.378
 372.160,   -0.009,  372.160,    0.373
 374.144,   -0.009,  374.144,    0.369
 376.128,   -0.008,  376.128,    0.366
 378.112,   -0.009,  378.112,    0.361
 380.096,   -0.009,  380.096,    0.356
 382.080,   -0.009,  382.080,    0.353
 384.064,   -0.009,  384.064,    0.348
 386.048,   -0.008,  386.048,    0.346
 388.032,   -0.008,  388.032,    0.340
 390.016,   -0.008,  390.016,    0.336
 392.000,   -0.009,  392.000,    0.332
 393.984,   -0.008,  393.984,    0.328
 395.968,   -0.008,  395.968,    0.323
 397.952,   -0.009,  397.952,    0.319
 399.936,   -0.009,  399.936,    0.314
 401.920,   -0.008,  401.920,    0.310
 403.904,   -0.008,  403.904,    0.304
 405.888,   -0.008,  405.888,    0.300
 407.872,   -0.008,  407.872,    0.295
 409.856,   -0.008,  409.856,    0.291
 411.840,   -0.010,  411.840,    0.284
 413.824,   -0.009,  413.824,    0.279
 415.808,   -0.008,  415.808,    0.277
 417.792,   -0.009,  417.792,    0.270
 419.776,   -0.007,  419.776,    0.265
 421.760,   -0.009,  421.760,    0.260
 423.744,   -0.008,  423.744,    0.256
 425.728,   -0.009,  425.728,    0.252
 427.712,   -0.010,  427.712,    0.244
 429.696,   -0.008,  429.696,    0.240
 431.680,   -0.009,  431.680,    0.236
 433.664,   -0.009,  433.664,    0.228
 435.648,   -0.009,  435.648,    0.223
 437.632,   -0.009,  437.632,    0.219
 439.616,   -0.008,  439.616,    0.213
 441.600,   -0.008,  441.600,    0.207
 443.584,   -0.008,  443.584,    0.202
 445.568,   -0.008,  445.568,    0.196
 447.552,   -0.011,  447.552,    0.193
 449.536,   -0.009,  449.536,    0.185
 451.520,   -0.009,  451.520,    0.180
 453.504,   -0.009,  453.504,    0.174
 455.488,   -0.010,  455.488,    0.168
 457.472,   -0.008,  457.472,    0.162
 459.456,   -0.009,  459.456,    0.157
 461.440,   -0.008,  461.440,    0.150
 463.424,   -0.009,  463.424,    0.146
 465.408,   -0.010,  465.408,    0.139
 467.392,   -0.009,  467.392,    0.135
 469.376,   -0.009,  469.376,    0.128
 471.360,   -0.009,  471.360,    0.123
 473.344,   -0.011,  473.344,    0.116
 475.328,   -0.008,  475.328,    0.111
 477.312,   -0.009,  477.312,    0.106
 479.296,   -0.010,  479.296,    0.100
 481.280,   -0.009,  481.280,    0.091
 483.264,   -0.008,  483.264,    0.087
 485.248,   -0.008,  485.248,    0.081
 487.232,   -0.009,  487.232,    0.074
 489.216,   -0.009,  489.216,    0.069
 491.200,   -0.008,  491.200,    0.063
 493.184,   -0.007,  493.184,    0.055
 495.168,   -0.009,  495.168,    0.051
 497.152,   -0.009,  497.152,    0.045
 499.136,   -0.009,  499.136,    0.039
 501.120,   -0.009,  501.120,    0.032
 503.104,   -0.007,  503.104,    0.027
 505.088,   -0.008,  505.088,    0.020
 507.072,   -0.009,  507.072,    0.014
 509.056,   -0.009,  509.056,    0.008
 511.040,   -0.008,  511.040,    0.003
 513.024,   -0.009,  513.024,   -0.004
 515.008,   -0.010,  515.008,   -0.010
 516.992,   -0.008,  516.992,   -0.016
 518.976,   -0.008,  518.976,   -0.022
 520.960,   -0.007,  520.960,   -0.027
 522.944,   -0.010,  522.944,   -0.032
 524.928,   -0.009,  524.928,   -0.040
 526.912,   -0.008,  526.912,   -0.046
 528.896,   -0.009,  528.896,   -0.052
 530.880,   -0.008,  530.880,   -0.059
 532.864,   -0.008,  532.864,   -0.064
 534.848,   -0.009,  534.848,   -0.071
 536.832,   -0.009,  536.832,   -0.077
 538.816,   -0.009,  538.816,   -0.083
 540.800,   -0.009,  540.800,   -0.088
 542.784,   -0.009,  542.784,   -0.094
 544.768,   -0.008,  544.768,   -0.101
 546.752,   -0.009,  546.752,   -0.106
 548.736,   -0.009,  548.736,   -0.112
 550.720,   -0.008,  550.720,   -0.118
 552.704,   -0.009,  552.704,   -0.124
 554.688,   -0.009,  554.688,   -0.130
 556.672,   -0.009,  556.672,   -0.135
 558.656,   -0.009,  558.656,   -0.142
 560.640,   -0.009,  560.640,   -0.148
 562.624,   -0.009,  562.624,   -0.156
 564.608,   -0.009,  564.608,   -0.160
 566.592,   -0.010,  566.592,   -0.167
 568.576,   -0.008,  568.576,   -0.172
 570.560,   -0.010,  570.560,   -0.178
 572.544,   -0.008,  572.544,   -0.183
 574.528,   -0.009,  574.528,   -0.189
 576.512,   -0.008,  576.512,   -0.194
 578.496,   -0.009,  578.496,   -0.200
 580.480,   -0.009,  580.480,   -0.206
 582.464,   -0.009,  582.464,   -0.211
 584.448,   -0.007,  584.448,   -0.217
 586.432,   -0.009,  586.432,   -0.222
 588.416,   -0.009,  588.416,   -0.229
 590.400,   -0.009,  590.400,   -0.236
 592.384,   -0.009,  592.384,   -0.239
 594.368,   -0.009,  594.368,   -0.243
 596.352,   -0.010,  596.352,   -0.252
 598.336,   -0.008,  598.336,   -0.256
 600.320,   -0.010,  600.320,   -0.261
 602.304,   -0.008,  602.304,   -0.264
 604.288,   -0.008,  604.288,   -0.272
 606.272,   -0.007,  606.272,   -0.278
 608.256,   -0.008,  608.256,   -0.282
 610.240,   -0.009,  610.240,   -0.287
 612.224,   -0.008,  612.224,   -0.291
 614.208,   -0.008,  614.208,   -0.298
 616.192,   -0.008,  616.192,   -0.302
 618.176,   -0.008,  618.176,   -0.306
 620.160,   -0.009,  620.160,   -0.314
 622.144,   -0.009,  622.144,   -0.318
 624.128,   -0.008,  624.128,   -0.322
 626.112,   -0.009,  626.112,   -0.328
 628.096,   -0.009,  628.096,   -0.333
 630.080,   -0.009,  630.080,   -0.337
 632.064,   -0.009,  632.064,   -0.341
 634.048,   -0.007,  634.048,   -0.345
 636.032,   -0.008,  636.032,   -0.351
 638.016,   -0.008,  638.016,   -0.355
 640.000,   -0.008,  640.000,   -0.361
 641.984,   -0.008,  641.984,   -0.365
 643.968,   -0.008,  643.968,   -0.369
 645.952,   -0.009,  645.952,   -0.374
 647.936,   -0.008,  647.936,   -0.377
 649.920,   -0.009,  649.920,   -0.382
 651.904,   -0.008,  651.904,   -0.388
 653.888,   -0.009,  653.888,   -0.391
 655.872,   -0.009,  655.872,   -0.395
 657.856,   -0.008,  657.856,   -0.400
 659.840,   -0.010,  659.840,   -0.403
 661.824,   -0.009,  661.824,   -0.407
 663.808,   -0.009,  663.808,   -0.410
 665.792,   -0.009,  665.792,   -0.415
 667.776,   -0.009,  667.776,   -0.419
 669.760,   -0.008,  669.760,   -0.423
 671.744,   -0.010,  671.744,   -0.426
 673.728,   -0.010,  673.728,   -0.428
 675.712,   -0.009,  675.712,   -0.435
 677.696,   -0.009,  677.696,   -0.436
 679.680,   -0.009,  679.680,   -0.440
 681.664,   -0.010,  681.664,   -0.444
 683.648,   -0.009,  683.648,   -0.447
 685.632,   -0.009,  685.632,   -0.451
 687.616,   -0.009,  687.616,   -0.451
 689.600,   -0.009,  689.600,   -0.457
 691.584,   -0.009,  691.584,   -0.460
 693.568,   -0.008,  693.568,   -0.464
 695.552,   -0.009,  695.552,   -0.465
 697.536,   -0.008,  697.536,   -0.470
 699.520,   -0.009,  699.520,   -0.471
 701.504,   -0.008,  701.504,   -0.474
 703.488,   -0.010,  703.488,   -0.477
 705.472,   -0.009,  705.472,   -0.480
 707.456,   -0.008,  707.456,   -0.483
 709.440,   -0.009,  709.440,   -0.485
 711.424,   -0.009,  711.424,   -0.488
 713.408,   -0.009,  713.408,   -0.489
 715.392,   -0.009,  715.392,   -0.493
 717.376,   -0.010,  717.376,   -0.493
 719.360,   -0.008,  719.360,   -0.497
 721.344,   -0.008,  721.344,   -0.499
 723.328,   -0.008,  723.328,   -0.502
 725.312,   -0.009,  725.312,   -0.503
 727.296,   -0.008,  727.296,   -0.506
 729.280,   -0.009,  729.280,   -0.508
 731.264,   -0.008,  731.264,   -0.510
 733.248,   -0.009,  733.248,   -0.508
 735.232,   -0.007,  735.232,   -0.513
 737.216,   -0.009,  737.216,   -0.514
 739.200,   -0.009,  739.200,   -0.515
 741.184,   -0.008,  741.184,   -0.516
 743.168,   -0.010,  743.168,   -0.518
 745.152,   -0.010,  745.152,   -0.519
 747.136,   -0.008,  747.136,   -0.521
 749.120,   -0.008,  749.120,   -0.520
 751.104,   -0.010,  751.104,   -0.524
 753.088,   -0.010,  753.088,   -0.523
 755.072,   -0.009,  755.072,   -0.526
 757.056,   -0.009,  757.056,   -0.525
 759.040,   -0.009,  759.040,   -0.527
 761.024,   -0.010,  761.024,   -0.528
 763.008,   -0.008,  763.008,   -0.527
 764.992,   -0.009,  764.992,   -0.529
 766.976,   -0.009,  766.976,   -0.529
 768.960,   -0.009,  768.960,   -0.529
 770.944,   -0.009,  770.944,   -0.530
 772.928,   -0.009,  772.928,   -0.528
 774.912,   -0.008,  774.912,   -0.530
 776.896,   -0.008,  776.896,   -0.532
 778.880,   -0.010,  778.880,   -0.531
 780.864,   -0.008,  780.864,   -0.531
 782.848,   -0.008,  782.848,   -0.531
 784.832,   -0.008,  784.832,   -0.529
 786.816,   -0.008,  786.816,   -0.532
 788.800,   -0.008,  788.800,   -0.530
 790.784,   -0.009,  790.784,   -0.530
 792.768,   -0.008,  792.768,   -0.529
 794.752,   -0.009,  794.752,   -0.527
 796.736,   -0.008,  796.736,   -0.529
 798.720,   -0.009,  798.720,   -0.527
 800.704,   -0.008,  800.704,   -0.525
 802.688,   -0.009,  802.688,   -0.525
 804.672,   -0.008,  804.672,   -0.525
 806.656,   -0.008,  806.656,   -0.525
 808.640,   -0.008,  808.640,   -0.522
 810.624,   -0.008,  810.624,   -0.520
 812.608,   -0.008,  812.608,   -0.522
 814.592,   -0.009,  814.592,   -0.518
 816.576,   -0.009,  816.576,   -0.518
 818.560,   -0.009,  818.560,   -0.517
 820.544,   -0.007,  820.544,   -0.517
 822.528,   -0.008,  822.528,   -0.514
 824.512,   -0.008,  824.512,   -0.512
 826.496,   -0.008,  826.496,   -0.510
 828.480,   -0.009,  828.480,   -0.509
 830.464,   -0.008,  830.464,   -0.507
 832.448,   -0.010,  832.448,   -0.505
 834.432,   -0.009,  834.432,   -0.505
 836.416,   -0.009,  836.416,   -0.503
 838.400,   -0.008,  838.400,   -0.499
 840.384,   -0.009,  840.384,   -0.498
 842.368,   -0.009,  842.368,   -0.494
 844.352,   -0.009,  844.352,   -0.492
 846.336,   -0.009,  846.336,   -0.491
 848.320,   -0.009,  848.320,   -0.490
 850.304,   -0.008,  850.304,   -0.485
 852.288,   -0.008,  852.288,   -0.483
 854.272,   -0.009,  854.272,   -0.482
 856.256,   -0.008,  856.256,   -0.479
 858.240,   -0.009,  858.240,   -0.475
 860.224,   -0.008,  860.224,   -0.474
 862.208,   -0.009,  862.208,   -0.470
 864.192,   -0.009,  864.192,   -0.467
 866.176,   -0.008,  866.176,   -0.464
 868.160,   -0.008,  868.160,   -0.463
 870.144,   -0.008,  870.144,   -0.458
 872.128,   -0.008,  872.128,   -0.455
 874.112,   -0.008,  874.112,   -0.454
 876.096,   -0.009,  876.096,   -0.449
 878.080,   -0.008,  878.080,   -0.445
 880.064,   -0.008,  880.064,   -0.441
 882.048,   -0.008,  882.048,   -0.440
 884.032,   -0.008,  884.032,   -0.434
 886.016,   -0.008,  886.016,   -0.430
 888.000,   -0.009,  888.000,   -0.426
 889.984,   -0.009,  889.984,   -0.426
 891.968,   -0.009,  891.968,   -0.420
 893.952,   -0.009,  893.952,   -0.417
 895.936,   -0.008,  895.936,   -0.412
 897.920,   -0.009,  897.920,   -0.409
 899.904,   -0.008,  899.904,   -0.405
 901.888,   -0.008,  901.888,   -0.400
 903.872,   -0.009,  903.872,   -0.396
 905.856,   -0.008,  905.856,   -0.391
 907.840,   -0.007,  907.840,   -0.389
 909.824,   -0.008,  909.824,   -0.384
 911.808,   -0.008,  911.808,   -0.380
 913.792,   -0.009,  913.792,   -0.376
 915.776,   -0.008,  915.776,   -0.372
 917.760,   -0.009,  917.760,   -0.367
 919.744,   -0.009,  919.744,   -0.362
 921.728,   -0.007,  921.728,   -0.358
 923.712,   -0.009,  923.712,   -0.354
 925.696,   -0.007,  925.696,   -0.348
 927.680,   -0.009,  927.680,   -0.343
 929.664,   -0.009,  929.664,   -0.340
 931.648,   -0.008,  931.648,   -0.334
 933.632,   -0.008,  933.632,   -0.330
 935.616,   -0.009,  935.616,   -0.325
 937.600,   -0.009,  937.600,   -0.318
 939.584,   -0.007,  939.584,   -0.315
 941.568,   -0.008,  941.568,   -0.310
 943.552,   -0.011,  943.552,   -0.305
 945.536,   -0.007,  945.536,   -0.299
 947.520,   -0.008,  947.520,   -0.296
 949.504,   -0.008,  949.504,   -0.289
 951.488,   -0.007,  951.488,   -0.285
 953.472,   -0.008,  953.472,   -0.280
 955.456,   -0.008,  955.456,   -0.273
 957.440,   -0.009,  957.440,   -0.269
 959.424,   -0.009,  959.424,   -0.264
 961.408,   -0.008,  961.408,   -0.257
 963.392,   -0.009,  963.392,   -0.254
 965.376,   -0.009,  965.376,   -0.246
 967.360,   -0.009,  967.360,   -0.243
 969.344,   -0.009,  969.344,   -0.237
 971.328,   -0.010,  971.328,   -0.229
 973.312,   -0.008,  973.312,   -0.225
 975.296,   -0.008,  975.296,   -0.219
 977.280,   -0.007,  977.280,   -0.213
 979.264,   -0.008,  979.264,   -0.208
 981.248,   -0.009,  981.248,   -0.203
 983.232,   -0.007,  983.232,   -0.198
 985.216,   -0.008,  985.216,   -0.190
 987.200,   -0.008,  987.200,   -0.185
 989.184,   -0.010,  989.184,   -0.180
 991.168,   -0.010,  991.168,   -0.174
 993.152,   -0.008,  993.152,   -0.168
 995.136,   -0.009,  995.136,   -0.164
 997.120,   -0.009,  997.120,   -0.157
 999.104,   -0.008,  999.104,   -0.150
1001.088,   -0.009, 1001.088,   -0.143
1003.072,   -0.009, 1003.072,   -0.139
1005.056,   -0.008, 1005.056,   -0.133
1007.040,   -0.008, 1007.040,   -0.128
1009.024,   -0.009, 1009.024,   -0.121
1011.008,   -0.008, 1011.008,   -0.115
1012.992,   -0.008, 1012.992,   -0.110
1014.976,   -0.008, 1014.976,   -0.103
1016.960,   -0.009, 1016.960,   -0.096
1018.944,   -0.010, 1018.944,   -0.090
1020.928,   -0.008, 1020.928,   -0.086
1022.912,   -0.009, 1022.912,   -0.078
1024.896,   -0.009, 1024.896,   -0.073
1026.880,   -0.008, 1026.880,   -0.067
1028.864,   -0.009, 1028.864,   -0.061
1030.848,   -0.008, 1030.848,   -0.056
1032.832,   -0.009, 1032.832,   -0.051
1034.816,   -0.009, 1034.816,   -0.044
1036.800,   -0.009, 1036.800,   -0.038
1038.784,   -0.008, 1038.784,   -0.032
1040.768,   -0.008, 1040.768,   -0.024
1042.752,   -0.008, 1042.752,   -0.018
1044.736,   -0.007, 1044.736,   -0.015
1046.720,   -0.008, 1046.720,   -0.007
1048.704,   -0.009, 1048.704,   -0.000
1050.688,   -0.009, 1050.688,    0.006
1052.672,   -0.009, 1052.672,    0.011
1054.656,   -0.009, 1054.656,    0.018
1056.640,   -0.008, 1056.640,    0.024
1058.624,   -0.008, 1058.624,    0.031
1060.608,   -0.009, 1060.608,    0.035
1062.592,   -0.009, 1062.592,    0.041
1064.576,   -0.008, 1064.576,    0.050
1066.560,   -0.009, 1066.560,    0.055
1068.544,   -0.009, 1068.544,    0.061
1070.528,   -0.009, 1070.528,    0.066
1072.512,   -0.009, 1072.512,    0.071
1074.496,   -0.008, 1074.496,    0.077
1076.480,   -0.009, 1076.480,    0.084
1078.464,   -0.008, 1078.464,    0.089
1080.448,   -0.008, 1080.448,    0.097
1082.432,   -0.007, 1082.432,    0.103
1084.416,   -0.007, 1084.416,    0.107
1086.400,   -0.009, 1086.400,    0.113
1088.384,   -0.008, 1088.384,    0.120
1090.368,   -0.008, 1090.368,    0.125
1092.352,   -0.008, 1092.352,    0.130
1094.336,   -0.009, 1094.336,    0.135
1096.320,   -0.009, 1096.320,    0.144
1098.304,   -0.009, 1098.304,    0.148
1100.288,   -0.010, 1100.288,    0.154
1102.272,   -0.008, 1102.272,    0.159
1104.256,   -0.008, 1104.256,    0.168
1106.240,   -0.009, 1106.240,    0.171
1108.224,   -0.008, 1108.224,    0.178
1110.208,   -0.010, 1110.208,    0.184
1112.192,   -0.009, 1112.192,    0.189
1114.176,   -0.008, 1114.176,    0.193
1116.160,   -0.009, 1116.160,    0.199
1118.144,   -0.008, 1118.144,    0.207
1120.128,   -0.008, 1120.128,    0.211
1122.112,   -0.010, 1122.112,    0.215
1124.096,   -0.008, 1124.096,    0.221
1126.080,   -0.009, 1126.080,    0.226
1128.064,   -0.010, 1128.064,    0.232
1130.048,   -0.009, 1130.048,    0.237
1132.032,   -0.007, 1132.032,    0.241
1134.016,   -0.009, 1134.016,    0.247
1136.000,   -0.008, 1136.000,    0.251
1137.984,   -0.008, 1137.984,    0.257
1139.968,   -0.008, 1139.968,    0.263
1141.952,   -0.009, 1141.952,    0.269
1143.936,   -0.008, 1143.936,    0.272
1145.920,   -0.007, 1145.920,    0.278
1147.904,   -0.008, 1147.904,    0.282
1149.888,   -0.007, 1149.888,    0.287
1151.872,   -0.009, 1151.872,    0.291
1153.856,   -0.009, 1153.856,    0.298
1155.840,   -0.008, 1155.840,    0.301
1157.824,   -0.009, 1157.824,    0.307
1159.808,   -0.007, 1159.808,    0.312
1161.792,   -0.008, 1161.792,    0.315
1163.776,   -0.008, 1163.776,    0.321
1165.760,   -0.009, 1165.760,    0.326
1167.744,   -0.008, 1167.744,    0.327
1169.728,   -0.008, 1169.728,    0.335
1171.712,   -0.008, 1171.712,    0.338
1173.696,   -0.008, 1173.696,    0.343
1175.680,   -0.008, 1175.680,    0.347
1177.664,   -0.008, 1177.664,    0.352
1179.648,   -0.010, 1179.648,    0.355
1181.632,   -0.009, 1181.632,    0.361
1183.616,   -0.008, 1183.616,    0.363
1185.600,   -0.010, 1185.600,    0.369
1187.584,   -0.009, 1187.584,    0.372
1189.568,   -0.008, 1189.568,    0.376
1191.552,   -0.009, 1191.552,    0.378
1193.536,   -0.009, 1193.536,    0.383
1195.520,   -0.009, 1195.520,    0.386
1197.504,   -0.008, 1197.504,    0.390
1199.488,   -0.008, 1199.488,    0.394
1201.472,   -0.010, 1201.472,    0.399
1203.456,   -0.009, 1203.456,    0.400
1205.440,   -0.009, 1205.440,    0.405
1207.424,   -0.008, 1207.424,    0.409
1209.408,   -0.008, 1209.408,    0.412
1211.392,   -0.009, 1211.392,    0.416
1213.376,   -0.007, 1213.376,    0.417
1215.360,   -0.008, 1215.360,    0.422
1217.344,   -0.009, 1217.344,    0.425
1219.328,   -0.008, 1219.328,    0.425
1221.312,   -0.008, 1221.312,    0.431
1223.296,   -0.009, 1223.296,    0.434
1225.280,   -0.009, 1225.280,    0.436
1227.264,   -0.009, 1227.264,    0.440
1229.248,   -0.009, 1229.248,    0.441
1231.232,   -0.008, 1231.232,    0.443
1233.216,   -0.008, 1233.216,    0.446
1235.200,   -0.008, 1235.200,    0.450
1237.184,   -0.010, 1237.184,    0.451
1239.168,   -0.009, 1239.168,    0.453
1241.152,   -0.009, 1241.152,    0.456
1243.136,   -0.009, 1243.136,    0.457
1245.120,   -0.009, 1245.120,    0.460
1247.104,   -0.008, 1247.104,    0.462
1249.088,   -0.010, 1249.088,    0.464
1251.072,   -0.009, 1251.072,    0.465
1253.056,   -0.010, 1253.056,    0.468
1255.040,   -0.008, 1255.040,    0.471
1257.024,   -0.009, 1257.024,    0.473
1259.008,   -0.009, 1259.008,    0.474
1260.992,   -0.008, 1260.992,    0.474
1262.976,   -0.009, 1262.976,    0.476
1264.960,   -0.010, 1264.960,    0.479
1266.944,   -0.008, 1266.944,    0.480
1268.928,   -0.008, 1268.928,    0.480
1270.912,   -0.008, 1270.912,    0.483
1272.896,   -0.008, 1272.896,    0.482
1274.880,   -0.007, 1274.880,    0.485
1276.864,   -0.009, 1276.864,    0.486
1278.848,   -0.009, 1278.848,    0.487
1280.832,   -0.009, 1280.832,    0.488
1282.816,   -0.008, 1282.816,    0.487
1284.800,   -0.009, 1284.800,    0.487
1286.784,   -0.008, 1286.784,    0.488
1288.768,   -0.009, 1288.768,    0.491
1290.752,   -0.010, 1290.752,    0.490
1292.736,   -0.008, 1292.736,    0.492
1294.720,   -0.009, 1294.720,    0.492
1296.704,   -0.009, 1296.704,    0.493
1298.688,   -0.009, 1298.688,    0.490
1300.672,   -0.009, 1300.672,    0.492
1302.656,   -0.009, 1302.656,    0.494
1304.640,   -0.008, 1304.640,    0.493
1306.624,   -0.009, 1306.624,    0.492
1308.608,   -0.008, 1308.608,    0.493
1310.592,   -0.008, 1310.592,    0.492
1312.576,   -0.009, 1312.576,    0.492
1314.560,   -0.008, 1314.560,    0.491
1316.544,   -0.009, 1316.544,    0.491
1318.528,   -0.008, 1318.528,    0.491
1320.512,   -0.008, 1320.512,    0.491
1322.496,   -0.008, 1322.496,    0.488
1324.480,   -0.008, 1324.480,    0.488
1326.464,   -0.008, 1326.464,    0.489
1328.448,   -0.008, 1328.448,    0.486
1330.432,   -0.010, 1330.432,    0.484
1332.416,   -0.009, 1332.416,    0.486
1334.400,   -0.008, 1334.400,    0.484
1336.384,   -0.009, 1336.384,    0.483
1338.368,   -0.010, 1338.368,    0.481
1340.352,   -0.009, 1340.352,    0.481
1342.336,   -0.008, 1342.336,    0.480
1344.320,   -0.008, 1344.320,    0.478
1346.304,   -0.010, 1346.304,    0.476
1348.288,   -0.009, 1348.288,    0.477
1350.272,   -0.009, 1350.272,    0.473
1352.256,   -0.009, 1352.256,    0.472
1354.240,   -0.009, 1354.240,    0.470
1356.224,   -0.009, 1356.224,    0.468
1358.208,   -0.010, 1358.208,    0.468
1360.192,   -0.009, 1360.192,    0.462
1362.176,   -0.009, 1362.176,    0.461
1364.160,   -0.009, 1364.160,    0.459
1366.144,   -0.007, 1366.144,    0.459
1368.128,   -0.008, 1368.128,    0.457
1370.112,   -0.008, 1370.112,    0.454
1372.096,   -0.008, 1372.096,    0.451
1374.080,   -0.009, 1374.080,    0.447
1376.064,   -0.009, 1376.064,    0.447
1378.048,   -0.009, 1378.048,    0.445
1380.032,   -0.009, 1380.032,    0.440
1382.016,   -0.010, 1382.016,    0.438
1384.000,   -0.008, 1384.000,    0.436
1385.984,   -0.009, 1385.984,    0.433
1387.968,   -0.008, 1387.968,    0.431
1389.952,   -0.008, 1389.952,    0.425
1391.936,   -0.008, 1391.936,    0.424
1393.920,   -0.010, 1393.920,    0.418
1395.904,   -0.008, 1395.904,    0.419
1397.888,   -0.008, 1397.888,    0.413
1399.872,   -0.009, 1399.872,    0.412
1401.856,   -0.009, 1401.856,    0.408
1403.840,   -0.009, 1403.840,    0.406
1405.824,   -0.009, 1405.824,    0.401
1407.808,   -0.009, 1407.808,    0.396
1409.792,   -0.009, 1409.792,    0.395
1411.776,   -0.008, 1411.776,    0.391
1413.760,   -0.009, 1413.760,    0.387
1415.744,   -0.009, 1415.744,    0.383
1417.728,   -0.009, 1417.728,    0.378
1419.712,   -0.008, 1419.712,    0.376
1421.696,   -0.009, 1421.696,    0.370
1423.680,   -0.008, 1423.680,    0.367
1425.664,   -0.008, 1425.664,    0.363
1427.648,   -0.009, 1427.648,    0.360
1429.632,   -0.009, 1429.632,    0.354
1431.616,   -0.008, 1431.616,    0.349
1433.600,   -0.008, 1433.600,    0.347
1435.584,   -0.009, 1435.584,    0.343
1437.568,   -0.009, 1437.568,    0.338
1439.552,   -0.008, 1439.552,    0.333
1441.536,   -0.009, 1441.536,    0.330
1443.520,   -0.009, 1443.520,    0.326
1445.504,   -0.009, 1445.504,    0.319
1447.488,   -0.008, 1447.488,    0.317
1449.472,   -0.008, 1449.472,    0.312
1451.456,   -0.008, 1451.456,    0.307
1453.440,   -0.008, 1453.440,    0.301
1455.424,   -0.009, 1455.424,    0.297
1457.408,   -0.008, 1457.408,    0.291
1459.392,   -0.008, 1459.392,    0.287
1461.376,   -0.008, 1461.376,    0.283
1463.360,   -0.008, 1463.360,    0.278
1465.344,   -0.007, 1465.344,    0.273
1467.328,   -0.008, 1467.328,    0.268
1469.312,   -0.009, 1469.312,    0.263
1471.296,   -0.009, 1471.296,    0.258
1473.280,   -0.008, 1473.280,    0.253
1475.264,   -0.009, 1475.264,    0.246
1477.248,   -0.010, 1477.248,    0.240
1479.232,   -0.009, 1479.232,    0.236
1481.216,   -0.008, 1481.216,    0.232
1483.200,   -0.007, 1483.200,    0.225
1485.184,   -0.008, 1485.184,    0.222
1487.168,   -0.008, 1487.168,    0.215
1489.152,   -0.009, 1489.152,    0.211
1491.136,   -0.009, 1491.136,    0.205
1493.120,   -0.009, 1493.120,    0.200
1495.104,   -0.010, 1495.104,    0.193
1497.088,   -0.010, 1497.088,    0.189
1499.072,   -0.009, 1499.072,    0.181
1501.056,   -0.009, 1501.056,    0.176
1503.040,   -0.009, 1503.040,    0.171
1505.024,   -0.007, 1505.024,    0.166
1507.008,   -0.009, 1507.008,    0.159
1508.992,   -0.009, 1508.992,    0.153
1510.976,   -0.008, 1510.976,    0.146
1512.960,   -0.010, 1512.960,    0.143
1514.944,   -0.009, 1514.944,    0.137
1516.928,   -0.009, 1516.928,    0.131
1518.912,   -0.009, 1518.912,    0.124
1520.896,   -0.008, 1520.896,    0.120
1522.880,   -0.008, 1522.880,    0.112
1524.864,   -0.009, 1524.864,    0.106
1526.848,   -0.008, 1526.848,    0.102
1528.832,   -0.009, 1528.832,    0.098
1530.816,   -0.009, 1530.816,    0.090
1532.800,   -0.009, 1532.800,    0.083
1534.784,   -0.009, 1534.784,    0.078
1536.768,   -0.009, 1536.768,    0.072
1538.752,   -0.009, 1538.752,    0.068
1540.736,   -0.008, 1540.736,    0.059
1542.720,   -0.009, 1542.720,    0.055
1544.704,   -0.009, 1544.704,    0.049
1546.688,   -0.008, 1546.688,    0.043
1548.672,   -0.008, 1548.672,    0.035
1550.656,   -0.008, 1550.656,    0.030
1552.640,   -0.008, 1552.640,    0.025
1554.624,   -0.009, 1554.624,    0.018
1556.608,   -0.009, 1556.608,    0.010
1558.592,   -0.008, 1558.592,    0.006
1560.576,   -0.009, 1560.576,   -0.003
1562.560,   -0.008, 1562.560,   -0.006
1564.544,   -0.008, 1564.544,   -0.014
1566.528,   -0.009, 1566.528,   -0.019
1568.512,   -0.008, 1568.512,   -0.025
1570.496,   -0.008, 1570.496,   -0.029
1572.480,   -0.008, 1572.480,   -0.037
1574.464,   -0.009, 1574.464,   -0.046
1576.448,   -0.009, 1576.448,   -0.049
1578.432,   -0.008, 1578.432,   -0.055
1580.416,   -0.008, 1580.416,   -0.061
1582.400,   -0.010, 1582.400,   -0.066
1584.384,   -0.009, 1584.384,   -0.074
1586.368,   -0.008, 1586.368,   -0.078
1588.352,   -0.009, 1588.352,   -0.085
1590.336,   -0.008, 1590.336,   -0.091
1592.320,   -0.008, 1592.320,   -0.099
1594.304,   -0.009, 1594.304,   -0.102
1596.288,   -0.009, 1596.288,   -0.109
1598.272,   -0.009, 1598.272,   -0.115
1600.256,   -0.009, 1600.256,   -0.121
1602.240,   -0.009, 1602.240,   -0.128
1604.224,   -0.008, 1604.224,   -0.132
1606.208,   -0.008, 1606.208,   -0.140
1608.192,   -0.008, 1608.192,   -0.146
1610.176,   -0.009, 1610.176,   -0.151
1612.160,   -0.009, 1612.160,   -0.158
1614.144,   -0.009, 1614.144,   -0.162
1616.128,   -0.009, 1616.128,   -0.170
1618.112,   -0.008, 1618.112,   -0.173
1620.096,   -0.009, 1620.096,   -0.180
1622.080,   -0.011, 1622.080,   -0.185
1624.064,   -0.010, 1624.064,   -0.192
1626.048,   -0.008, 1626.048,   -0.196
1628.032,   -0.008, 1628.032,   -0.203
1630.016,   -0.008, 1630.016,   -0.210
1632.000,   -0.009, 1632.000,   -0.216
1633.984,   -0.009, 1633.984,   -0.219
1635.968,   -0.008, 1635.968,   -0.225
1637.952,   -0.009, 1637.952,   -0.233
1639.936,   -0.009, 1639.936,   -0.237
1641.920,   -0.008, 1641.920,   -0.242
1643.904,   -0.008, 1643.904,   -0.247
1645.888,   -0.008, 1645.888,   -0.254
1647.872,   -0.010, 1647.872,   -0.258
1649.856,   -0.009, 1649.856,   -0.262
1651.840,   -0.009, 1651.840,   -0.269
1653.824,   -0.008, 1653.824,   -0.275
1655.808,   -0.009, 1655.808,   -0.280
1657.792,   -0.009, 1657.792,   -0.284
1659.776,   -0.009, 1659.776,   -0.291
1661.760,   -0.009, 1661.760,   -0.296
1663.744,   -0.008, 1663.744,   -0.300
1665.728,   -0.008, 1665.728,   -0.305
1667.712,   -0.009, 1667.712,   -0.310
1669.696,   -0.009, 1669.696,   -0.315
1671.680,   -0.008, 1671.680,   -0.320
1673.664,   -0.009, 1673.664,   -0.325
1675.648,   -0.009, 1675.648,   -0.330
1677.632,   -0.008, 1677.632,   -0.335
1679.616,   -0.009, 1679.616,   -0.341
1681.600,   -0.008, 1681.600,   -0.344
1683.584,   -0.008, 1683.584,   -0.349
1685.568,   -0.008, 1685.568,   -0.354
1687.552,   -0.010, 1687.552,   -0.358
1689.536,   -0.009, 1689.536,   -0.362
1691.520,   -0.009, 1691.520,   -0.368
1693.504,   -0.008, 1693.504,   -0.373
1695.488,   -0.008, 1695.488,   -0.377
1697.472,   -0.009, 1697.472,   -0.379
1699.456,   -0.009, 1699.456,   -0.384
1701.440,   -0.010, 1701.440,   -0.388
1703.424,   -0.009, 1703.424,   -0.392
1705.408,   -0.009, 1705.408,   -0.397
1707.392,   -0.009, 1707.392,   -0.400
1709.376,   -0.007, 1709.376,   -0.406
1711.360,   -0.009, 1711.360,   -0.408
1713.344,   -0.009, 1713.344,   -0.412
1715.328,   -0.009, 1715.328,   -0.416
1717.312,   -0.008, 1717.312,   -0.422
1719.296,   -0.008, 1719.296,   -0.425
1721.280,   -0.008, 1721.280,   -0.428
1723.264,   -0.009, 1723.264,   -0.432
1725.248,   -0.009, 1725.248,   -0.436
1727.232,   -0.009, 1727.232,   -0.437
1729.216,   -0.009, 1729.216,   -0.441
1731.200,   -0.010, 1731.200,   -0.445
1733.184,   -0.009, 1733.184,   -0.448
1735.168,   -0.008, 1735.168,   -0.453
1737.152,   -0.009, 1737.152,   -0.455
1739.136,   -0.008, 1739.136,   -0.459
1741.120,   -0.009, 1741.120,   -0.460
1743.104,   -0.009, 1743.104,   -0.466
1745.088,   -0.009, 1745.088,   -0.468
1747.072,   -0.009, 1747.072,   -0.470
1749.056,   -0.009, 1749.056,   -0.471
1751.040,   -0.008, 1751.040,   -0.477
1753.024,   -0.009, 1753.024,   -0.479
1755.008,   -0.010, 1755.008,   -0.481
1756.992,   -0.009, 1756.992,   -0.483
1758.976,   -0.009, 1758.976,   -0.486
1760.960,   -0.009, 1760.960,   -0.488
1762.944,   -0.008, 1762.944,   -0.492
1764.928,   -0.009, 1764.928,   -0.493
1766.912,   -0.009, 1766.912,   -0.496
1768.896,   -0.008, 1768.896,   -0.500
1770.880,   -0.009, 1770.880,   -0.501
1772.864,   -0.009, 1772.864,   -0.503
1774.848,   -0.008, 1774.848,   -0.504
1776.832,   -0.008, 1776.832,   -0.507
1778.816,   -0.010, 1778.816,   -0.507
1780.800,   -0.008, 1780.800,   -0.508
1782.784,   -0.008, 1782.784,   -0.508
1784.768,   -0.010, 1784.768,   -0.512
1786.752,   -0.009, 1786.752,   -0.513
1788.736,   -0.008, 1788.736,   -0.516
1790.720,   -0.009, 1790.720,   -0.516
1792.704,   -0.009, 1792.704,   -0.519
1794.688,   -0.008, 1794.688,   -0.520
1796.672,   -0.009, 1796.672,   -0.518
1798.656,   -0.009, 1798.656,   -0.521
1800.640,   -0.009, 1800.640,   -0.523
1802.624,   -0.009, 1802.624,   -0.523
1804.608,   -0.009, 1804.608,   -0.525
1806.592,   -0.009, 1806.592,   -0.526
1808.576,   -0.007, 1808.576,   -0.526
1810.560,   -0.009, 1810.560,   -0.528
1812.544,   -0.008, 1812.544,   -0.527
1814.528,   -0.007, 1814.528,   -0.529
1816.512,   -0.008, 1816.512,   -0.528
1818.496,   -0.008, 1818.496,   -0.529
1820.480,   -0.009, 1820.480,   -0.528
1822.464,   -0.009, 1822.464,   -0.532
1824.448,   -0.009, 1824.448,   -0.531
1826.432,   -0.008, 1826.432,   -0.529
1828.416,   -0.008, 1828.416,   -0.530
1830.400,   -0.007, 1830.400,   -0.531
1832.384,   -0.008, 1832.384,   -0.529
1834.368,   -0.009, 1834.368,   -0.530
1836.352,   -0.009, 1836.352,   -0.531
1838.336,   -0.009, 1838.336,   -0.529
1840.320,   -0.008, 1840.320,   -0.529
1842.304,   -0.009, 1842.304,   -0.530
1844.288,   -0.007, 1844.288,   -0.528
1846.272,   -0.010, 1846.272,   -0.527
1848.256,   -0.008, 1848.256,   -0.529
1850.240,   -0.008, 1850.240,   -0.526
1852.224,   -0.009, 1852.224,   -0.524
1854.208,   -0.007, 1854.208,   -0.523
1856.192,   -0.010, 1856.192,   -0.524
1858.176,   -0.009, 1858.176,   -0.522
1860.160,   -0.008, 1860.160,   -0.522
1862.144,   -0.008, 1862.144,   -0.521
1864.128,   -0.008, 1864.128,   -0.519
1866.112,   -0.008, 1866.112,   -0.518
1868.096,   -0.009, 1868.096,   -0.517
1870.080,   -0.008, 1870.080,   -0.514
1872.064,   -0.009, 1872.064,   -0.513
1874.048,   -0.008, 1874.048,   -0.512
1876.032,   -0.009, 1876.032,   -0.510
1878.016,   -0.009, 1878.016,   -0.508
1880.000,   -0.008, 1880.000,   -0.507
1881.984,   -0.008, 1881.984,   -0.504
1883.968,   -0.008, 1883.968,   -0.504
1885.952,   -0.008, 1885.952,   -0.502
1887.936,   -0.009, 1887.936,   -0.498
1889.920,   -0.009, 1889.920,   -0.496
1891.904,   -0.009, 1891.904,   -0.494
1893.888,   -0.009, 1893.888,   -0.493
1895.872,   -0.008, 1895.872,   -0.489
1897.856,   -0.008, 1897.856,   -0.486
1899.840,   -0.009, 1899.840,   -0.486
1901.824,   -0.010, 1901.824,   -0.482
1903.808,   -0.008, 1903.808,   -0.481
1905.792,   -0.008, 1905.792,   -0.476
1907.776,   -0.008, 1907.776,   -0.475
1909.760,   -0.009, 1909.760,   -0.473
1911.744,   -0.008, 1911.744,   -0.469
1913.728,   -0.008, 1913.728,   -0.465
1915.712,   -0.008, 1915.712,   -0.464
1917.696,   -0.010, 1917.696,   -0.460
1919.680,   -0.008, 1919.680,   -0.458
1921.664,   -0.009, 1921.664,   -0.453
1923.648,   -0.009, 1923.648,   -0.450
1925.632,   -0.010, 1925.632,   -0.448
1927.616,   -0.008, 1927.616,   -0.443
1929.600,   -0.008, 1929.600,   -0.440
1931.584,   -0.008, 1931.584,   -0.437
1933.568,   -0.009, 1933.568,   -0.434
1935.552,   -0.010, 1935.552,   -0.430
1937.536,   -0.009, 1937.536,   -0.425
1939.520,   -0.009, 1939.520,   -0.422
1941.504,   -0.008, 1941.504,   -0.419
1943.488,   -0.009, 1943.488,   -0.414
1945.472,   -0.008, 1945.472,   -0.409
1947.456,   -0.009, 1947.456,   -0.406
1949.440,   -0.008, 1949.440,   -0.402
1951.424,   -0.008, 1951.424,   -0.400
1953.408,   -0.008, 1953.408,   -0.394
1955.392,   -0.008, 1955.392,   -0.392
1957.376,   -0.008, 1957.376,   -0.386
1959.360,   -0.008, 1959.360,   -0.382
1961.344,   -0.009, 1961.344,   -0.378
1963.328,   -0.009, 1963.328,   -0.373
1965.312,   -0.009, 1965.312,   -0.371
1967.296,   -0.007, 1967.296,   -0.364
1969.280,   -0.009, 1969.280,   -0.359
1971.264,   -0.008, 1971.264,   -0.355
1973.248,   -0.009, 1973.248,   -0.352
1975.232,   -0.009, 1975.232,   -0.346
1977.216,   -0.008, 1977.216,   -0.341
1979.200,   -0.008, 1979.200,   -0.337
1981.184,   -0.008, 1981.184,   -0.332
1983.168,   -0.008, 1983.168,   -0.329
1985.152,   -0.008, 1985.152,   -0.324
1987.136,   -0.008, 1987.136,   -0.318
1989.120,   -0.009, 1989.120,   -0.312
1991.104,   -0.008, 1991.104,   -0.309
1993.088,   -0.009, 1993.088,   -0.304
1995.072,   -0.009, 1995.072,   -0.296
1997.056,   -0.008, 1997.056,   -0.293
1999.040,   -0.009, 1999.040,   -0.287
2001.024,   -0.009, 2001.024,   -0.281
2003.008,   -0.009, 2003.008,   -0.277
2004.992,   -0.007, 2004.992,   -0.270
2006.976,   -0.009, 2006.976,   -0.266
2008.960,   -0.009, 2008.960,   -0.261
2010.944,   -0.008, 2010.944,   -0.256
2012.928,   -0.009, 2012.928,   -0.249
2014.912,   -0.008, 2014.912,   -0.243
2016.896,   -0.008, 2016.896,   -0.240
2018.880,   -0.008, 2018.880,   -0.232
2020.864,   -0.008, 2020.864,   -0.228
2022.848,   -0.008, 2022.848,   -0.222
2024.832,   -0.008, 2024.832,   -0.216
2026.816,   -0.009, 2026.816,   -0.211
2028.800,   -0.009, 2028.800,   -0.205
